{"cameraMode":{"drawMode":0,"name":"Shaded","section":"Shading Mode"},"sceneLighting":true,"audioPlay":false,"sceneViewState":{"showFog":false,"showMaterialUpdate":false,"showSkybox":false,"showFlares":false,"showImageEffects":false,"showParticleSystems":true},"in2DMode":false,"pivot":{"x":-26.75925064086914,"y":-83.19227600097656,"z":104.15459442138672},"rotation":{"x":0.3130630850791931,"y":-0.12488624453544617,"z":0.04156719148159027,"w":0.940571665763855},"size":180.99484252929688,"orthographic":false}